cn_kodu,ulke,sektor,aciklama,dogrudan,dolayli,toplam,rota,kaynak_belge,kaynak_yeri,durum
2507008080,Turkiye,Cement,Calcined clay,,,,,CBAM-DEFAULT-VALUES-2026-08-06,Turkiye sayfasi,dogrulandi
2523100010,Turkiye,Cement,White clinker,,,,,CBAM-DEFAULT-VALUES-2026-08-06,Turkiye sayfasi,dogrulandi
2523100090,Turkiye,Cement,Other clinker including grey clinker,,,,,CBAM-DEFAULT-VALUES-2026-08-06,Turkiye sayfasi,dogrulandi
25232100,Turkiye,Cement,White Portland cement,,,,,CBAM-DEFAULT-VALUES-2026-08-06,Turkiye sayfasi,dogrulandi
25232900,Turkiye,Cement,Grey Portland cement,,,,,CBAM-DEFAULT-VALUES-2026-08-06,Turkiye sayfasi,dogrulandi
25233000,Turkiye,Cement,Aluminous cement,1.820,0.140,1.950,,CBAM-DEFAULT-VALUES-2026-08-06,Turkiye sayfasi,dogrulandi
2523900010,Turkiye,Cement,White hydraulic cement,,,,,CBAM-DEFAULT-VALUES-2026-08-06,Turkiye sayfasi,dogrulandi
2523900090,Turkiye,Cement,Other hydraulic cements including grey hydraulic cements,,,,,CBAM-DEFAULT-VALUES-2026-08-06,Turkiye sayfasi,dogrulandi
28080000,Turkiye,Fertilisers,Nitric acid; sulphonitric acids,2.680,0.030,2.720,,CBAM-DEFAULT-VALUES-2026-08-06,Turkiye sayfasi,dogrulandi
28141000,Turkiye,Fertilisers,Anhydrous ammonia,2.170,0.100,2.270,,CBAM-DEFAULT-VALUES-2026-08-06,Turkiye sayfasi,dogrulandi
28142000,Turkiye,Fertilisers,Ammonia in aqueous solution,0.650,0.030,0.680,,CBAM-DEFAULT-VALUES-2026-08-06,Turkiye sayfasi,dogrulandi
28342100,Turkiye,Fertilisers,Nitrate of potassium,2.170,0.050,2.220,,CBAM-DEFAULT-VALUES-2026-08-06,Turkiye sayfasi,dogrulandi
3102,Turkiye,Fertilisers,Mineral or chemical fertilizers; nitrogenous,seebelow,seebelow,seebelow,,CBAM-DEFAULT-VALUES-2026-08-06,Turkiye sayfasi,dogrulandi
31021012,Turkiye,Fertilisers,Urea in aqueous solution; containing >45% nitrogen in relation to the weight of the dry product and containing =>31;8% but <=33;2 % by weight of urea (excl. that in packages with a gross weight of <= 10 kg),0.480,0.020,0.500,,CBAM-DEFAULT-VALUES-2026-08-06,Turkiye sayfasi,dogrulandi
31021015,Turkiye,Fertilisers,Urea in aqueous solution; containing >45% nitrogen in relation to the weight of the dry product and containing >33;2% but <=55% by weight of urea (excl. that in packages with a gross weight of <= 10 kg),0.790,0.020,0.820,,CBAM-DEFAULT-VALUES-2026-08-06,Turkiye sayfasi,dogrulandi
31021019,Turkiye,Fertilisers,Urea; whether or not in aqueous solution; containing >45% nitrogen in relation to the weight of the dry product (excl. that in tablets or similar forms; or in packages with a gross weight of <= 10 kg; or in aqueous solution containing =>31;8% but <=55% by weight of urea),1.440,0.080,1.510,,CBAM-DEFAULT-VALUES-2026-08-06,Turkiye sayfasi,dogrulandi
31021090,Turkiye,Fertilisers,Urea; whether or not in aqueous solution; containing <= 45% by weight of nitrogen on the dry anhydrous product (excl. goods of this chapter in tablets or similar forms or in packages of a gross weight of <= 10 kg),1.400,0.080,1.480,,CBAM-DEFAULT-VALUES-2026-08-06,Turkiye sayfasi,dogrulandi
31022100,Turkiye,Fertilisers,Ammonium sulphate (excl. that in tablets or similar forms; or in packages with a gross weight of <= 10 kg),0.630,0.060,0.680,,CBAM-DEFAULT-VALUES-2026-08-06,Turkiye sayfasi,dogrulandi
31022900,Turkiye,Fertilisers,Double salts and mixtures of ammonium sulphate and ammonium nitrate,1.400,0.060,1.460,,CBAM-DEFAULT-VALUES-2026-08-06,Turkiye sayfasi,dogrulandi
31023010,Turkiye,Fertilisers,Ammonium nitrate in aqueous solution (excl. that in packages with a gross weight of <= 10 kg),1.640,0.050,1.690,,CBAM-DEFAULT-VALUES-2026-08-06,Turkiye sayfasi,dogrulandi
31023090,Turkiye,Fertilisers,Ammonium nitrate (excl. that in aqueous solution; in tablets or similar forms; or in packages with a gross weight of <= 10 kg),2.530,0.070,2.600,,CBAM-DEFAULT-VALUES-2026-08-06,Turkiye sayfasi,dogrulandi
31024010,Turkiye,Fertilisers,Mixtures of ammonium nitrate with calcium carbonate or other inorganic non-fertilising substances; for use as fertilisers; containing <= 28% nitrogen by weight (excl. those in tablets or similar forms; or in packages with a gross weight of <= 10 kg),2.160,0.070,2.230,,CBAM-DEFAULT-VALUES-2026-08-06,Turkiye sayfasi,dogrulandi
31024090,Turkiye,Fertilisers,Mixtures of ammonium nitrate with calcium carbonate or other inorganic non-fertilising substances; for use as fertilisers; containing > 28% nitrogen by weight (excl. those in tablets or similar forms; or in packages with a gross weight of <= 10 kg),2.160,0.070,2.230,,CBAM-DEFAULT-VALUES-2026-08-06,Turkiye sayfasi,dogrulandi
31025000,Turkiye,Fertilisers,Sodium nitrate (excl. that in tablets or similar forms; or in packages with a gross weight of <= 10 kg),4.190,0.050,4.240,,CBAM-DEFAULT-VALUES-2026-08-06,Turkiye sayfasi,dogrulandi
31026000,Turkiye,Fertilisers,Double salts and mixtures of calcium nitrate and ammonium nitrate (excl. those in tablets or similar forms; or in packages with a gross weight of <= 10 kg),2.120,0.060,2.180,,CBAM-DEFAULT-VALUES-2026-08-06,Turkiye sayfasi,dogrulandi
31028000,Turkiye,Fertilisers,Mixtures of urea and ammonium nitrate in aqueous or ammoniacal solution (excl. those in packages with a gross weight of <= 10 kg),1.580,0.060,1.640,,CBAM-DEFAULT-VALUES-2026-08-06,Turkiye sayfasi,dogrulandi
31029000,Turkiye,Fertilisers,Mineral or chemical nitrogen fertilisers (excl. urea; ammonium sulphate; ammonium nitrate; sodium nitrate; double salts and mixtures of ammonium nitrate with ammonium sulphate or calcium; mixtures of urea and ammonium nitrate in aqueous or ammoniacal solution; mixtures of ammonium nitrate and calcium carbonate or other non-fertilising inorganic elements; in tablets or similar in packages <= 10 kg),1.620,0.070,1.690,,CBAM-DEFAULT-VALUES-2026-08-06,Turkiye sayfasi,dogrulandi
3105,Turkiye,Fertilisers,Mineral or chemical fertilisers containing two or three of the fertilising elements nitrogen; phosphorus and potassium,seebelow,seebelow,seebelow,,CBAM-DEFAULT-VALUES-2026-08-06,Turkiye sayfasi,dogrulandi
31051000,Turkiye,Fertilisers,Mineral or chemical fertilisers of animal or vegetable origin; in tablets or similar forms; or in packages with a gross weight of <= 10 kg,0.800,0.060,0.860,,CBAM-DEFAULT-VALUES-2026-08-06,Turkiye sayfasi,dogrulandi
31052010,Turkiye,Fertilisers,Mineral or chemical fertilisers containing phosphorus and potassium; with a nitrogen content > 10 % by weight on the dry anhydrous product (excl. those in tablets or similar forms; or in packages with a gross weight of <= 10 kg),1.060,0.060,1.120,,CBAM-DEFAULT-VALUES-2026-08-06,Turkiye sayfasi,dogrulandi
31052090,Turkiye,Fertilisers,Mineral or chemical fertilisers containing nitrogen; phosphorus and potassium; with a nitrogen content <= 10 % by weight on the dry anhydrous product (excl. those in tablets or similar forms; or in packages with a gross weight of <= 10 kg),0.720,0.050,0.770,,CBAM-DEFAULT-VALUES-2026-08-06,Turkiye sayfasi,dogrulandi
31053000,Turkiye,Fertilisers,Diammonium hydrogenorthophosphate diammonium phosphate (excl. that in tablets or similar forms; or in packages with a gross weight of <= 10 kg),0.510,0.040,0.550,,CBAM-DEFAULT-VALUES-2026-08-06,Turkiye sayfasi,dogrulandi
31054000,Turkiye,Fertilisers,Ammonium dihydrogenorthophosphate monoammonium phosphate; whether or not mixed with diammonium hydrogenorthophosphate diammonium phosphate (excl. that in tablets or similar forms; or in packages with a gross weight of <= 10 kg),0.320,0.030,0.360,,CBAM-DEFAULT-VALUES-2026-08-06,Turkiye sayfasi,dogrulandi
31055100,Turkiye,Fertilisers,Other mineral or chemical fertilisers containing the two fertilising elements nitrogen and phosphorus (nitrates and phosphates),1.460,0.080,1.540,,CBAM-DEFAULT-VALUES-2026-08-06,Turkiye sayfasi,dogrulandi
31055900,Turkiye,Fertilisers,Other mineral or chemical fertilisers containing the two fertilising elements nitrogen and phosphorus (excl. nitrates and phosphates),0.580,0.080,0.660,,CBAM-DEFAULT-VALUES-2026-08-06,Turkiye sayfasi,dogrulandi
31059020,Turkiye,Fertilisers,Mineral or chemical fertilisers containing the two fertilising elements nitrogen and potassium; or one principal fertilising substance only; incl. mixtures of animal or vegetable fertilisers with chemical or mineral fertilisers; containing > 10% nitrogen by weight (excl. in tablets or similar forms; or in packages with a gross weight of <= 10 kg),1.430,0.050,1.480,,CBAM-DEFAULT-VALUES-2026-08-06,Turkiye sayfasi,dogrulandi
31059080,Turkiye,Fertilisers,Mineral or chemical fertilisers containing the two fertilising elements nitrogen and potassium; or one main fertilising element; incl. mixtures of animal or vegetable fertilisers with chemical or mineral fertilisers; not containing nitrogen or with a nitrogen content; by weight; of <= 10% (excl. in tablets or similar forms or in packages of a gross weight of <= 10 kg),0.730,0.040,0.760,,CBAM-DEFAULT-VALUES-2026-08-06,Turkiye sayfasi,dogrulandi
7601,Turkiye,Aluminium,Unwrought aluminium,1.700,,1.700,(K),CBAM-DEFAULT-VALUES-2026-08-06,Turkiye sayfasi,dogrulandi
7603,Turkiye,Aluminium,Aluminium powders and flakes,3.369,,3.369,(K),CBAM-DEFAULT-VALUES-2026-08-06,Turkiye sayfasi,dogrulandi
76041010,Turkiye,Aluminium,Bars and rods,3.741,,3.741,(K),CBAM-DEFAULT-VALUES-2026-08-06,Turkiye sayfasi,dogrulandi
76041090,Turkiye,Aluminium,Profiles,3.741,,3.741,(K),CBAM-DEFAULT-VALUES-2026-08-06,Turkiye sayfasi,dogrulandi
76042100,Turkiye,Aluminium,Hollow profiles,3.741,,3.741,(K),CBAM-DEFAULT-VALUES-2026-08-06,Turkiye sayfasi,dogrulandi
76042910,Turkiye,Aluminium,Bars and rods,3.741,,3.741,(K),CBAM-DEFAULT-VALUES-2026-08-06,Turkiye sayfasi,dogrulandi
76042990,Turkiye,Aluminium,Profiles,3.741,,3.741,(K),CBAM-DEFAULT-VALUES-2026-08-06,Turkiye sayfasi,dogrulandi
7605,Turkiye,Aluminium,Aluminium wire,3.424,,3.424,(K),CBAM-DEFAULT-VALUES-2026-08-06,Turkiye sayfasi,dogrulandi
7606,Turkiye,Aluminium,Aluminium plates; sheets and strip; of a thickness exceeding 0;2 mm,2.714,,2.714,(K),CBAM-DEFAULT-VALUES-2026-08-06,Turkiye sayfasi,dogrulandi
7607,Turkiye,Aluminium,Aluminium foil (whether or not printed or backed with paper; paperboard; plastics or similar backing materials) of a thickness (excluding any backing) not exceeding 0;2 mm,3.071,,3.071,(K),CBAM-DEFAULT-VALUES-2026-08-06,Turkiye sayfasi,dogrulandi
7608,Turkiye,Aluminium,Aluminium tubes and pipes,2.754,,2.754,(K),CBAM-DEFAULT-VALUES-2026-08-06,Turkiye sayfasi,dogrulandi
76090000,Turkiye,Aluminium,Aluminium tube or pipe fittings (for example; couplings; elbows; sleeves),3.775,,3.775,(K),CBAM-DEFAULT-VALUES-2026-08-06,Turkiye sayfasi,dogrulandi
76101000,Turkiye,Aluminium,Doors; windows and their frames and thresholds for doors,2.674,,2.674,(K),CBAM-DEFAULT-VALUES-2026-08-06,Turkiye sayfasi,dogrulandi
761090,Turkiye,Aluminium,Other,2.674,,2.674,(K),CBAM-DEFAULT-VALUES-2026-08-06,Turkiye sayfasi,dogrulandi
76109010,Turkiye,Aluminium,Bridges and bridge-sections; towers and lattice masts,2.674,,2.674,(K),CBAM-DEFAULT-VALUES-2026-08-06,Turkiye sayfasi,dogrulandi
76109090,Turkiye,Aluminium,Other,2.674,,2.674,(K),CBAM-DEFAULT-VALUES-2026-08-06,Turkiye sayfasi,dogrulandi
76110000,Turkiye,Aluminium,Aluminium reservoirs; tanks; vats and similar containers; for any material (other than compressed or liquefied gas); of a capacity exceeding 300 litres; whether or not lined or heat-insulated; but not fitted with mechanical or thermal equipment,4.520,,4.520,(K),CBAM-DEFAULT-VALUES-2026-08-06,Turkiye sayfasi,dogrulandi
7612,Turkiye,Aluminium,Aluminium casks; drums; cans; boxes and similar containers (including rigid or collapsible tubular containers); for any material (other than compressed or liquefied gas); of a capacity not exceeding 300 litres; whether or not lined or heat-insulated; but not fitted with mechanical or thermal equipment,4.520,,4.520,(K),CBAM-DEFAULT-VALUES-2026-08-06,Turkiye sayfasi,dogrulandi
76130000,Turkiye,Aluminium,Aluminium containers for compressed or liquefied gas,4.520,,4.520,(K),CBAM-DEFAULT-VALUES-2026-08-06,Turkiye sayfasi,dogrulandi
7614,Turkiye,Aluminium,Stranded wire; cables; plaited bands and the like; of aluminium; not electrically insulated,3.741,,3.741,(K),CBAM-DEFAULT-VALUES-2026-08-06,Turkiye sayfasi,dogrulandi
76161000,Turkiye,Aluminium,Nails; tacks; staples (other than those of heading 8305); screws; bolts; nuts; screw hooks; rivets; cotters; cotter pins; washers and similar articles,3.060,,3.060,(K),CBAM-DEFAULT-VALUES-2026-08-06,Turkiye sayfasi,dogrulandi
76169100,Turkiye,Aluminium,Cloth; grill; netting and fencing; of aluminium wire,3.060,,3.060,(K),CBAM-DEFAULT-VALUES-2026-08-06,Turkiye sayfasi,dogrulandi
76169910,Turkiye,Aluminium,Cast,3.060,,3.060,(K),CBAM-DEFAULT-VALUES-2026-08-06,Turkiye sayfasi,dogrulandi
76169990,Turkiye,Aluminium,Other,3.060,,3.060,(K),CBAM-DEFAULT-VALUES-2026-08-06,Turkiye sayfasi,dogrulandi
28041000,Turkiye,Hydrogen,Hydrogen,10.820,,10.820,,CBAM-DEFAULT-VALUES-2026-08-06,Turkiye sayfasi,dogrulandi
26011200,Turkiye,Iron and steel,Agglomerated iron ores and concentrates (excl. roasted iron pyrites),0.180,0.030,0.210,,CBAM-DEFAULT-VALUES-2026-08-06,Turkiye sayfasi,dogrulandi
7201,Turkiye,Iron and steel,Pig iron and spiegeleisen; in pigs; blocks or other primary forms,1.850,,1.850,,CBAM-DEFAULT-VALUES-2026-08-06,Turkiye sayfasi,dogrulandi
720211,Turkiye,Iron and steel,Ferro-manganese; containing by weight > 2% of carbon,1.690,,1.690,,CBAM-DEFAULT-VALUES-2026-08-06,Turkiye sayfasi,dogrulandi
720219,Turkiye,Iron and steel,Ferro-manganese; containing by weight <= 2% carbon,,,,,CBAM-DEFAULT-VALUES-2026-08-06,Turkiye sayfasi,dogrulandi
720241,Turkiye,Iron and steel,Ferro-chromium; containing by weight > 4% of carbon,2.350,,2.350,,CBAM-DEFAULT-VALUES-2026-08-06,Turkiye sayfasi,dogrulandi
720249,Turkiye,Iron and steel,Ferro-chromium; containing by weight <= 4% of carbon,,,,,CBAM-DEFAULT-VALUES-2026-08-06,Turkiye sayfasi,dogrulandi
72026000,Turkiye,Iron and steel,Ferro-nickel,3.480,,3.480,,CBAM-DEFAULT-VALUES-2026-08-06,Turkiye sayfasi,dogrulandi
7203,Turkiye,Iron and steel,Ferrous products obtained by direct reduction of iron ore and other spongy ferrous products; in lumps; pellets or similar forms; iron having a minimum purity by weight of 99;94%; in lumps; pellets or similar forms,,,,,CBAM-DEFAULT-VALUES-2026-08-06,Turkiye sayfasi,dogrulandi
7205,Turkiye,Iron and steel,Granules and powders of pig iron; spiegeleisen; iron or steel (excl. granules and powders of ferro-alloys; turnings and filings of iron or steel; radioactive iron powders isotopes and certain low-calibre; substandard balls for ballbearings),1.890,,1.890,(C)/(F),CBAM-DEFAULT-VALUES-2026-08-06,Turkiye sayfasi,dogrulandi
7206,Turkiye,Iron and steel,Iron and non-alloy steel in ingots or other primary forms (excl. remelting scrap ingots; products obtained by continuous casting and iron of heading 7203),seebelow,seebelow,seebelow,,CBAM-DEFAULT-VALUES-2026-08-06,Turkiye sayfasi,dogrulandi
72061000,Turkiye,Iron and steel,Ingots; of iron and non-alloy steel (excl. remelted scrap ingots; continuous cast products; iron of heading 7203),1.960,,1.960,(C),CBAM-DEFAULT-VALUES-2026-08-06,Turkiye sayfasi,dogrulandi
72069000,Turkiye,Iron and steel,Iron and non-alloy steel; in puddled bars or other primary forms (excl. ingots; remelted scrap ingots; continuous cast products; iron of heading 7203),1.960,,1.960,(C),CBAM-DEFAULT-VALUES-2026-08-06,Turkiye sayfasi,dogrulandi
7207,Turkiye,Iron and steel,Semi-finished products of iron or non-alloy steel,seebelow,seebelow,seebelow,,CBAM-DEFAULT-VALUES-2026-08-06,Turkiye sayfasi,dogrulandi
72071111,Turkiye,Iron and steel,Semi-finished products; of non-alloy free-cutting steel; containing by weight < 0;25% carbon; of square or rectangular cross-section; the width < twice the thickness; rolled or obtained by continuous casting,2.310,,2.310,(C),CBAM-DEFAULT-VALUES-2026-08-06,Turkiye sayfasi,dogrulandi
72071114,Turkiye,Iron and steel,Semi-finished products; of iron or non-alloy steel; containing by weight < 0;25% carbon; of square or rectangular cross-section; the width < twice the thickness of <= 130 mm; rolled or obtained by continuous casting (excl. free-cutting steel),2.310,,2.310,(C),CBAM-DEFAULT-VALUES-2026-08-06,Turkiye sayfasi,dogrulandi
72071116,Turkiye,Iron and steel,Semi-finished products; of iron or non-alloy steel; containing by weight < 0;25% carbon; of square or rectangular cross-section; the width < twice the thickness of > 130 mm; rolled or obtained by continuous casting (excl. free-cutting steel),2.310,,2.310,(C),CBAM-DEFAULT-VALUES-2026-08-06,Turkiye sayfasi,dogrulandi
72071190,Turkiye,Iron and steel,Semi-finished products of iron or non-alloy steel; containing by weight < 0;25% carbon; of rectangular cross-section; the width < twice the thickness; forged,3.087,,3.087,(C),CBAM-DEFAULT-VALUES-2026-08-06,Turkiye sayfasi,dogrulandi
72071210,Turkiye,Iron and steel,Semi-finished products of iron or non-alloy steel; containing by weight < 0;25 of carbon; of rectangular other than square cross-section; the width measuring >= twice the thickness; rolled or obtained by continuous casting,2.310,,2.310,(C),CBAM-DEFAULT-VALUES-2026-08-06,Turkiye sayfasi,dogrulandi
72071290,Turkiye,Iron and steel,Semi-finished products of iron or non-alloy steel; containing by weight < 0;25% carbon; of rectangular other than square cross-section; the width >= twice the thickness; forged,3.087,,3.087,(C),CBAM-DEFAULT-VALUES-2026-08-06,Turkiye sayfasi,dogrulandi
72071912,Turkiye,Iron and steel,Semi-finished products; of iron or non-alloy steel; containing by weight < 0;25% carbon; of circular or polygonal cross-section; rolled or obtained by continuous casting,2.310,,2.310,(C),CBAM-DEFAULT-VALUES-2026-08-06,Turkiye sayfasi,dogrulandi
72071919,Turkiye,Iron and steel,Semi-finished products of iron or non-alloy steel; containing by weight < 0;25% carbon; of circular or polygonal cross-section; forged,3.087,,3.087,(C),CBAM-DEFAULT-VALUES-2026-08-06,Turkiye sayfasi,dogrulandi
72071980,Turkiye,Iron and steel,Semi-finished products of iron or non-alloy steel; containing by weight < 0;25% carbon (excl. semi-products; of square; rectangular; circular or polygonal cross-section),2.310,,2.310,(C),CBAM-DEFAULT-VALUES-2026-08-06,Turkiye sayfasi,dogrulandi
72072011,Turkiye,Iron and steel,Semi-finished products; of non-alloy free-cutting steel; containing by weight >= 0;25% carbon; of square or rectangular cross-section; the width < twice the thickness; rolled or obtained by continuous casting,2.310,,2.310,(C),CBAM-DEFAULT-VALUES-2026-08-06,Turkiye sayfasi,dogrulandi
72072015,Turkiye,Iron and steel,Semi-finished products of iron or non-alloy steel; containing by weight >= 0;25% but < 0;6% carbon; of square or rectangular cross-section; the width < twice the thickness; rolled or obtained by continuous casting (excl. free-cutting steel),2.310,,2.310,(C),CBAM-DEFAULT-VALUES-2026-08-06,Turkiye sayfasi,dogrulandi
72072017,Turkiye,Iron and steel,Semi-finished products of iron or non-alloy steel; containing by weight >= 0;6% carbon; of square or rectangular cross-section; the width < twice the thickness; rolled or obtained by continuous casting (excl. free-cutting steel),2.310,,2.310,(C),CBAM-DEFAULT-VALUES-2026-08-06,Turkiye sayfasi,dogrulandi
72072019,Turkiye,Iron and steel,Semi-finished products of iron or non-alloy steel; containing by weight >= 0;25% carbon; of square or rectangular cross-section; the width < twice the thickness; forged,3.087,,3.087,(C),CBAM-DEFAULT-VALUES-2026-08-06,Turkiye sayfasi,dogrulandi
72072032,Turkiye,Iron and steel,Semi-finished products of iron or non-alloy steel; containing by weight >= 0;25 of carbon; of rectangular other than square cross-section; the width measuring >= twice the thickness; rolled or obtained by continuous casting,2.310,,2.310,(C),CBAM-DEFAULT-VALUES-2026-08-06,Turkiye sayfasi,dogrulandi
72072039,Turkiye,Iron and steel,Semi-finished products of iron or non-alloy steel; containing by weight >= 0;25% carbon; of rectangular other than square cross-section and the width >= twice the thickness; forged,3.087,,3.087,(C),CBAM-DEFAULT-VALUES-2026-08-06,Turkiye sayfasi,dogrulandi
72072052,Turkiye,Iron and steel,Semi-finished products of iron or non-alloy steel; containing by weight >= 0;25% carbon; of circular or polygonal cross-section; rolled or obtained by continuous casting,2.310,,2.310,(C),CBAM-DEFAULT-VALUES-2026-08-06,Turkiye sayfasi,dogrulandi
72072059,Turkiye,Iron and steel,Semi-finished products of iron or non-alloy steel; containing by weight >= 0;6% carbon; of circular or polygonal cross-section; forged,3.087,,3.087,(C),CBAM-DEFAULT-VALUES-2026-08-06,Turkiye sayfasi,dogrulandi
72072080,Turkiye,Iron and steel,Semi-finished products of iron or non-alloy steel; containing by weight >= 0;25% carbon (excl. those of square; rectangular; circular or polygonal cross-section),2.310,,2.310,(C),CBAM-DEFAULT-VALUES-2026-08-06,Turkiye sayfasi,dogrulandi
7208,Turkiye,Iron and steel,Flat-rolled products of iron or non-alloy steel; of a width >= 600 mm; hot-rolled; not clad; plated or coated,2.428,,2.428,(C),CBAM-DEFAULT-VALUES-2026-08-06,Turkiye sayfasi,dogrulandi
7209,Turkiye,Iron and steel,Flat-rolled products of iron or non-alloy steel; of a width of >= 600 mm; cold-rolled cold-reduced; not clad; plated or coated,2.510,,2.510,(C),CBAM-DEFAULT-VALUES-2026-08-06,Turkiye sayfasi,dogrulandi
7210,Turkiye,Iron and steel,Flat-rolled products of iron or non-alloy steel; of a width >= 600 mm; hot-rolled or cold-rolled cold-reduced; clad; plated or coated,2.510,,2.510,(C),CBAM-DEFAULT-VALUES-2026-08-06,Turkiye sayfasi,dogrulandi
7211,Turkiye,Iron and steel,Flat-rolled products of iron or non-alloy steel; of a width of < 600 mm; hot-rolled or cold-rolled cold-reduced; not clad; plated or coated,seebelow,seebelow,seebelow,,CBAM-DEFAULT-VALUES-2026-08-06,Turkiye sayfasi,dogrulandi
72111300,Turkiye,Iron and steel,Flat-rolled products of iron or non-alloy steel; simply hot-rolled on four faces or in a closed box pass; not clad; plated or coated; of a width of > 150 mm but < 600 mm and a thickness of >= 4 mm; not in coils; without patterns in relief; commonly known as wide flats,2.428,,2.428,(C),CBAM-DEFAULT-VALUES-2026-08-06,Turkiye sayfasi,dogrulandi
72111400,Turkiye,Iron and steel,Flat-rolled products of iron or non-alloy steel; of a width < 600 mm; not further worked than hot-rolled; not clad; plated or coated; of a thickness of >= 4;75 mm (excl. wide flats),2.428,,2.428,(C),CBAM-DEFAULT-VALUES-2026-08-06,Turkiye sayfasi,dogrulandi
72111900,Turkiye,Iron and steel,Flat-rolled products of iron or non-alloy steel; of a width < 600 mm; simply hot-rolled; not clad; plated or coated; of a thickness < 4;75 mm (excl. wide flats),2.428,,2.428,(C),CBAM-DEFAULT-VALUES-2026-08-06,Turkiye sayfasi,dogrulandi
721123,Turkiye,Iron and steel,Flat-rolled products of iron or non-alloy steel; of a width of < 600 mm; simply cold-rolled cold-reduced; not clad; plated or coated; containing by weight < 0;25% of carbon,2.510,,2.510,(C),CBAM-DEFAULT-VALUES-2026-08-06,Turkiye sayfasi,dogrulandi
72112900,Turkiye,Iron and steel,Flat-rolled products of iron or non-alloy steel; of a width of < 600 mm; simply cold-rolled cold-reduced; not clad; plated or coated; containing by weight >= 0;25% of carbon,2.510,,2.510,(C),CBAM-DEFAULT-VALUES-2026-08-06,Turkiye sayfasi,dogrulandi
721190,Turkiye,Iron and steel,Flat-rolled products of iron or non-alloy steel; of a width of < 600 mm; hot-rolled or cold-rolled cold-reduced and further worked; but not clad; plated or coated,2.510,,2.510,(C),CBAM-DEFAULT-VALUES-2026-08-06,Turkiye sayfasi,dogrulandi
7212,Turkiye,Iron and steel,Flat-rolled products of iron or non-alloy steel; of a width of < 600 mm; hot-rolled or cold-rolled cold-reduced; clad; plated or coated,2.510,,2.510,(C),CBAM-DEFAULT-VALUES-2026-08-06,Turkiye sayfasi,dogrulandi
7213,Turkiye,Iron and steel,Bars and rods of iron or non-alloy steel; hot-rolled; in irregularly wound coils,2.310,,2.310,(C),CBAM-DEFAULT-VALUES-2026-08-06,Turkiye sayfasi,dogrulandi
7214,Turkiye,Iron and steel,Bars and rods; of iron or non-alloy steel; not further worked than forged; hot-rolled; hot-drawn or hot-extruded; but incl. those twisted after rolling (excl. in irregularly wound coils),seebelow,seebelow,seebelow,,CBAM-DEFAULT-VALUES-2026-08-06,Turkiye sayfasi,dogrulandi
72141000,Turkiye,Iron and steel,Bars and rods; of iron or non-alloy steel; not further worked than forged (excl. in irregularly wound coils),3.087,,3.087,(C),CBAM-DEFAULT-VALUES-2026-08-06,Turkiye sayfasi,dogrulandi
72142000,Turkiye,Iron and steel,Bars and rods; of iron or non-alloy steel; with indentations; ribs; groves or other deformations produced during the rolling process,2.310,,2.310,(C),CBAM-DEFAULT-VALUES-2026-08-06,Turkiye sayfasi,dogrulandi
72143000,Turkiye,Iron and steel,Bars and rods; of non-alloy free-cutting steel; not further worked than hot-rolled; hot-drawn or hot-extruded (excl. containing indentations; ribs; grooves or other deformations produced during the rolling process or twisted after rolling),2.310,,2.310,(C),CBAM-DEFAULT-VALUES-2026-08-06,Turkiye sayfasi,dogrulandi
721491,Turkiye,Iron and steel,Bars and rods; of iron or non-alloy steel; not further worked than hot-rolled; hot-drawn or hot-extruded; of rectangular other than square cross-section (excl. containing indentations; ribs; grooves or other deformations produced during the rolling process; bars and rods twisted after rolling and free-cutting steel),2.310,,2.310,(C),CBAM-DEFAULT-VALUES-2026-08-06,Turkiye sayfasi,dogrulandi
721499,Turkiye,Iron and steel,Bars and rods; of iron or non-alloy steel; only hot-rolled; only hot-drawn or only hot-extruded (excl. of rectangular [other than square] cross-section and those containing indentations; ribs; grooves or other deformations produced during the rolling process; and of non-alloy free-cutting steel),2.310,,2.310,(C),CBAM-DEFAULT-VALUES-2026-08-06,Turkiye sayfasi,dogrulandi
7215,Turkiye,Iron and steel,Bars and rods; of iron or non-alloy steel; cold-formed or cold-finished; whether or not further worked; or hot-formed and further worked; n.e.s.,2.310,,2.310,(C),CBAM-DEFAULT-VALUES-2026-08-06,Turkiye sayfasi,dogrulandi
7216,Turkiye,Iron and steel,Angles; shapes and sections of iron or non-alloy steel; n.e.s.,2.310,,2.310,(C),CBAM-DEFAULT-VALUES-2026-08-06,Turkiye sayfasi,dogrulandi
7217,Turkiye,Iron and steel,Wire of iron or non-alloy steel; in coils (excl. bars and rods),seebelow,seebelow,seebelow,,CBAM-DEFAULT-VALUES-2026-08-06,Turkiye sayfasi,dogrulandi
721710,Turkiye,Iron and steel,Wire of iron or non-alloy steel; in coils; not plated or coated; whether or not polished (excl. bars and rods),2.310,,2.310,(C),CBAM-DEFAULT-VALUES-2026-08-06,Turkiye sayfasi,dogrulandi
721720,Turkiye,Iron and steel,Wire of iron or non-alloy steel; in coils; plated or coated with zinc (excl. bars and rods),2.310,,2.310,(C),CBAM-DEFAULT-VALUES-2026-08-06,Turkiye sayfasi,dogrulandi
721730,Turkiye,Iron and steel,Wire of iron or non-alloy steel; in coils; plated or coated with base metals (excl. plated or coated with zinc; and bars and rods),2.310,,2.310,(C),CBAM-DEFAULT-VALUES-2026-08-06,Turkiye sayfasi,dogrulandi
721790,Turkiye,Iron and steel,Wire of iron or non-alloy steel; in coils; plated or coated (excl. plated or coated with base metals; and bars and rods),2.310,,2.310,(C),CBAM-DEFAULT-VALUES-2026-08-06,Turkiye sayfasi,dogrulandi
7218,Turkiye,Iron and steel,Stainless steel in ingots or other primary forms (excl. remelting scrap ingots and products obtained by continuous casting); semi-finished products of stainless steel,seebelow,seebelow,seebelow,,CBAM-DEFAULT-VALUES-2026-08-06,Turkiye sayfasi,dogrulandi
72181000,Turkiye,Iron and steel,Steel; stainless; in ingots and other primary forms (excl. waste and scrap in ingot form; and products obtained by continuous casting),5.970,,5.970,,CBAM-DEFAULT-VALUES-2026-08-06,Turkiye sayfasi,dogrulandi
721891,Turkiye,Iron and steel,Semi-finished products of stainless steel; of rectangular other than square cross-section,5.470,,5.470,,CBAM-DEFAULT-VALUES-2026-08-06,Turkiye sayfasi,dogrulandi
72189911,Turkiye,Iron and steel,Semi-finished products of stainless steel; of square cross-section; rolled or obtained by continuous casting,5.470,,5.470,,CBAM-DEFAULT-VALUES-2026-08-06,Turkiye sayfasi,dogrulandi
72189919,Turkiye,Iron and steel,Semi-finished products of stainless steel; of square cross-section; forged,5.970,,5.970,,CBAM-DEFAULT-VALUES-2026-08-06,Turkiye sayfasi,dogrulandi
72189920,Turkiye,Iron and steel,Semi-finished products of stainless steel; of circular cross-section or of cross-section other than square or rectangular; rolled or obtained by continuous casting,5.470,,5.470,,CBAM-DEFAULT-VALUES-2026-08-06,Turkiye sayfasi,dogrulandi
72189980,Turkiye,Iron and steel,Semi-finished products of stainless steel; forged (excl. products of square or rectangular cross-section),5.970,,5.970,,CBAM-DEFAULT-VALUES-2026-08-06,Turkiye sayfasi,dogrulandi
7219,Turkiye,Iron and steel,Flat-rolled products of stainless steel; of a width of >= 600 mm; hot-rolled or cold-rolled cold-reduced,seebelow,seebelow,seebelow,,CBAM-DEFAULT-VALUES-2026-08-06,Turkiye sayfasi,dogrulandi
72191100,Turkiye,Iron and steel,Flat-rolled products of stainless steel; of a width of >= 600 mm; not further worked than hot-rolled; in coils; of a thickness of > 10 mm,5.470,,5.470,,CBAM-DEFAULT-VALUES-2026-08-06,Turkiye sayfasi,dogrulandi
721912,Turkiye,Iron and steel,Flat-rolled products of stainless steel; of a width of>= 600 mm; not further worked than hot-rolled; in coils; of a thickness of >= 4;7 mm and <= 10 mm,5.470,,5.470,,CBAM-DEFAULT-VALUES-2026-08-06,Turkiye sayfasi,dogrulandi
721913,Turkiye,Iron and steel,Flat-rolled products of stainless steel; of a width of >= 600 mm; not further worked than hot-rolled; in coils; of a thickness of >= 3 mm and < 4;75 mm,5.470,,5.470,,CBAM-DEFAULT-VALUES-2026-08-06,Turkiye sayfasi,dogrulandi
721914,Turkiye,Iron and steel,Flat-rolled products of stainless steel; of a width of >= 600 mm; not further worked than hot-rolled; in coils; of a thickness of < 3 mm,5.470,,5.470,,CBAM-DEFAULT-VALUES-2026-08-06,Turkiye sayfasi,dogrulandi
721921,Turkiye,Iron and steel,Flat-rolled products of stainless steel; of a width of >= 600 mm; not further worked than hot-rolled; not in coils; of a thickness of > 10 mm,5.470,,5.470,,CBAM-DEFAULT-VALUES-2026-08-06,Turkiye sayfasi,dogrulandi
721922,Turkiye,Iron and steel,Flat-rolled products of stainless steel; of a width of >= 600 mm; not further worked than hot-rolled; not in coils; of a thickness of >= 4;75 mm and <= 10 mm,5.470,,5.470,,CBAM-DEFAULT-VALUES-2026-08-06,Turkiye sayfasi,dogrulandi
72192300,Turkiye,Iron and steel,Flat-rolled products of stainless steel; of a width of >= 600 mm; not further worked than hot-rolled; not in coils; of a thickness of >= 3 mm and < 4;75 mm,5.470,,5.470,,CBAM-DEFAULT-VALUES-2026-08-06,Turkiye sayfasi,dogrulandi
72192400,Turkiye,Iron and steel,Flat-rolled products of stainless steel; of a width of >= 600 mm; not further worked than hot-rolled; not in coils; of a thickness of < 3 mm,5.470,,5.470,,CBAM-DEFAULT-VALUES-2026-08-06,Turkiye sayfasi,dogrulandi
72193100,Turkiye,Iron and steel,Flat-rolled products of stainless steel; of a width of >= 600 mm; not further worked than cold-rolled cold-reduced; of a thickness of >= 4;75 mm,5.540,,5.540,,CBAM-DEFAULT-VALUES-2026-08-06,Turkiye sayfasi,dogrulandi
721932,Turkiye,Iron and steel,Flat-rolled products of stainless steel; of a width of >= 600 mm; not further worked than cold-rolled cold-reduced; of a thickness of >= 3 mm but < 4;75 mm,5.540,,5.540,,CBAM-DEFAULT-VALUES-2026-08-06,Turkiye sayfasi,dogrulandi
721933,Turkiye,Iron and steel,Flat-rolled products of stainless steel; of a width of >= 600 mm; not further worked than cold-rolled cold-reduced; of a thickness of > 1 mm but < 3 mm,5.540,,5.540,,CBAM-DEFAULT-VALUES-2026-08-06,Turkiye sayfasi,dogrulandi
721934,Turkiye,Iron and steel,Flat-rolled products of stainless steel; of a width of >= 600 mm; not further worked than cold-rolled cold-reduced; of a thickness of >= 0;5 mm but <= 1 mm,5.540,,5.540,,CBAM-DEFAULT-VALUES-2026-08-06,Turkiye sayfasi,dogrulandi
721935,Turkiye,Iron and steel,Flat-rolled products of stainless steel; of a width of >= 600 mm; not further worked than cold-rolled cold-reduced; of a thickness of < 0;5 mm,5.540,,5.540,,CBAM-DEFAULT-VALUES-2026-08-06,Turkiye sayfasi,dogrulandi
721990,Turkiye,Iron and steel,Flat-rolled products of stainless steel; of a width of >= 600 mm; hot-rolled or cold-rolled cold-reduced and further worked,5.540,,5.540,,CBAM-DEFAULT-VALUES-2026-08-06,Turkiye sayfasi,dogrulandi
7220,Turkiye,Iron and steel,Flat-rolled products of stainless steel; of a width of < 600 mm; hot-rolled or cold-rolled cold-reduced,seebelow,seebelow,seebelow,,CBAM-DEFAULT-VALUES-2026-08-06,Turkiye sayfasi,dogrulandi
72201100,Turkiye,Iron and steel,Flat-rolled products of stainless steel; of a width of < 600 mm; not further worked than hot-rolled; of a thickness of >= 4;75 mm,5.470,,5.470,,CBAM-DEFAULT-VALUES-2026-08-06,Turkiye sayfasi,dogrulandi
72201200,Turkiye,Iron and steel,Flat-rolled products of stainless steel; of a width of < 600 mm; not further worked than hot-rolled; of a thickness of < 4;75 mm,5.470,,5.470,,CBAM-DEFAULT-VALUES-2026-08-06,Turkiye sayfasi,dogrulandi
722020,Turkiye,Iron and steel,Flat-rolled products of stainless steel; of a width of < 600 mm; not further worked than cold-rolled cold-reduced,5.540,,5.540,,CBAM-DEFAULT-VALUES-2026-08-06,Turkiye sayfasi,dogrulandi
722090,Turkiye,Iron and steel,Flat-rolled products of stainless steel; of a width of < 600 mm; hot-rolled or cold-rolled cold-reduced and further worked,5.540,,5.540,,CBAM-DEFAULT-VALUES-2026-08-06,Turkiye sayfasi,dogrulandi
7221,Turkiye,Iron and steel,Bars and rods of stainless steel; hot-rolled; in irregularly wound coils,5.310,,5.310,,CBAM-DEFAULT-VALUES-2026-08-06,Turkiye sayfasi,dogrulandi
7222,Turkiye,Iron and steel,Other bars and rods of stainless steel; angles; shapes and sections of stainless steel; n.e.s.,seebelow,seebelow,seebelow,,CBAM-DEFAULT-VALUES-2026-08-06,Turkiye sayfasi,dogrulandi
722211,Turkiye,Iron and steel,Bars and rods of stainless steel; only hot-rolled; only hot-drawn or only hot-extruded; of circular cross-section,5.310,,5.310,,CBAM-DEFAULT-VALUES-2026-08-06,Turkiye sayfasi,dogrulandi
722219,Turkiye,Iron and steel,Bars and rods of stainless steel; only hot-rolled; only hot-drawn or only extruded (excl. of circular cross-section),5.310,,5.310,,CBAM-DEFAULT-VALUES-2026-08-06,Turkiye sayfasi,dogrulandi
722220,Turkiye,Iron and steel,Other bars and rods of stainless steel; not further worked than cold-formed or cold-finished,5.310,,5.310,,CBAM-DEFAULT-VALUES-2026-08-06,Turkiye sayfasi,dogrulandi
722230,Turkiye,Iron and steel,Other bars and rods of stainless steel; cold-formed or cold-finished and further worked; or not further worked than forged; or forged; or hot-formed by other means and further worked; n.e.s.,5.970,,5.970,,CBAM-DEFAULT-VALUES-2026-08-06,Turkiye sayfasi,dogrulandi
722240,Turkiye,Iron and steel,Angles; shapes and sections of stainless steel; n.e.s.,5.310,,5.310,,CBAM-DEFAULT-VALUES-2026-08-06,Turkiye sayfasi,dogrulandi
7223,Turkiye,Iron and steel,Wire of stainless steel; in coils (excl. bars and rods),seebelow,seebelow,seebelow,,CBAM-DEFAULT-VALUES-2026-08-06,Turkiye sayfasi,dogrulandi
722300,Turkiye,Iron and steel,Wire of stainless steel; in coils (excl. bars and rods),5.310,,5.310,,CBAM-DEFAULT-VALUES-2026-08-06,Turkiye sayfasi,dogrulandi
7224,Turkiye,Iron and steel,Steel; alloy; other than stainless; in ingots or other primary forms; semi-finished products of alloy steel other than stainless (excl. waste and scrap in ingot form; and products obtained by continuous casting),seebelow,seebelow,seebelow,,CBAM-DEFAULT-VALUES-2026-08-06,Turkiye sayfasi,dogrulandi
722410,Turkiye,Iron and steel,Steel; alloy; other than stainless; in ingots or other primary forms (excl. waste and scrap in ingot form; and products obtained by continuous casting),6.950,,6.950,(F),CBAM-DEFAULT-VALUES-2026-08-06,Turkiye sayfasi,dogrulandi
72249002,Turkiye,Iron and steel,Semi-finished products of tool steel,6.450,,6.450,(F),CBAM-DEFAULT-VALUES-2026-08-06,Turkiye sayfasi,dogrulandi
72249003,Turkiye,Iron and steel,Semi-finished products of high-speed steel; of square or rectangular cross-section; hot-rolled or obtained by continuous casting the width measuring < twice the thickness,6.450,,6.450,(F),CBAM-DEFAULT-VALUES-2026-08-06,Turkiye sayfasi,dogrulandi
72249005,Turkiye,Iron and steel,Semi-finished products of steel containing by weight <= 0;7% of carbon; 0;5% to 1;2% of manganese; 0;6% to 2;3% of silicon; or of steel containing by weight >= 0;0008% of boron with any other element < the minimum content referred to in Note 1 f to chapter 72; of square or rectangular cross-section; hot rolled or obtained by continuous casting; the width measuring < twice the thickness,6.450,,6.450,(F),CBAM-DEFAULT-VALUES-2026-08-06,Turkiye sayfasi,dogrulandi
72249007,Turkiye,Iron and steel,Semi-finished products of alloy steel other than stainless steel; of square or rectangular cross-section; hot-rolled or obtained by continuous casting; the width measuring < twice the thickness (excl. of tool steel; high-speed steel and articles of subheading 7224.90.05),6.450,,6.450,(F),CBAM-DEFAULT-VALUES-2026-08-06,Turkiye sayfasi,dogrulandi
72249014,Turkiye,Iron and steel,Semi-finished products of alloy steel other than stainless steel; of square or rectangular cross-section; hot-rolled or obtained by continuous casting; the width measuring >= twice the thickness (excl. of tool steel),6.450,,6.450,(F),CBAM-DEFAULT-VALUES-2026-08-06,Turkiye sayfasi,dogrulandi
72249018,Turkiye,Iron and steel,Semi-finished products of alloy steel other than stainless steel; of square or rectangular cross-section; forged (excl. of tool steel),6.950,,6.950,(F),CBAM-DEFAULT-VALUES-2026-08-06,Turkiye sayfasi,dogrulandi
72249031,Turkiye,Iron and steel,Semi-finished products of steel containing by weight 0;9% to 1;15% carbon; 0;5% to 2% of chromium and; if present; <= 0;5% of molybdenum; cut into shapes other than square or rectangular; hot-rolled or obtained by continuous casting,6.450,,6.450,(F),CBAM-DEFAULT-VALUES-2026-08-06,Turkiye sayfasi,dogrulandi
72249038,Turkiye,Iron and steel,Semi-finished products of alloy steel; other than stainless steel; cut into shapes other than square or rectangular; hot-rolled or obtained by continuous casting (excl. of tool steel and products containing by weight 0;9% to 1;15% of carbon; 0;5% to 2% of chromium and; if present; <= 0;5% of molybdenum),6.450,,6.450,(F),CBAM-DEFAULT-VALUES-2026-08-06,Turkiye sayfasi,dogrulandi
72249090,Turkiye,Iron and steel,Semi-finished products of alloy steel; other than stainless steel; forged (excl. of tool steel and products of square or rectangular; circular or polygamol cross-section),6.950,,6.950,(F),CBAM-DEFAULT-VALUES-2026-08-06,Turkiye sayfasi,dogrulandi
7225,Turkiye,Iron and steel,Flat-rolled products of alloy steel other than stainless; of a width of >= 600 mm; hot-rolled or cold-rolled cold-reduced,seebelow,seebelow,seebelow,,CBAM-DEFAULT-VALUES-2026-08-06,Turkiye sayfasi,dogrulandi
72251100,Turkiye,Iron and steel,Flat-rolled products of silicon-electrical steel; of a width of >= 600 mm; grain-oriented,8.500,,8.500,(C),CBAM-DEFAULT-VALUES-2026-08-06,Turkiye sayfasi,dogrulandi
72251910,Turkiye,Iron and steel,Flat-rolled products of silicon-electrical steel; of a width of >= 600 mm; hot-rolled,6.450,,6.450,(C),CBAM-DEFAULT-VALUES-2026-08-06,Turkiye sayfasi,dogrulandi
72251990,Turkiye,Iron and steel,Flat-rolled products of silicon-electrical steel; of a width of >= 600 mm; cold-rolled cold-reduced; non-grain-oriented,6.520,,6.520,(C),CBAM-DEFAULT-VALUES-2026-08-06,Turkiye sayfasi,dogrulandi
722530,Turkiye,Iron and steel,Flat-rolled products of alloy steel other than stainless; of a width of >= 600 mm; not further worked than hot-rolled; in coils (excl. products of silicon-electrical steel),6.450,,6.450,(F),CBAM-DEFAULT-VALUES-2026-08-06,Turkiye sayfasi,dogrulandi
722540,Turkiye,Iron and steel,Flat-rolled products of alloy steel other than stainless; of a width of >= 600 mm; not further worked than hot-rolled; not in coils (excl. products of silicon-electrical steel),6.450,,6.450,(F),CBAM-DEFAULT-VALUES-2026-08-06,Turkiye sayfasi,dogrulandi
722550,Turkiye,Iron and steel,Flat-rolled products of alloy steel other than stainless; of a width of >= 600 mm; not further worked than cold-rolled cold-reduced (excl. products of silicon-electrical steel),6.520,,6.520,(F),CBAM-DEFAULT-VALUES-2026-08-06,Turkiye sayfasi,dogrulandi
72259100,Turkiye,Iron and steel,Flat-rolled products of alloy steel other than stainless; of a width of >= 600 mm; hot-rolled or cold-rolled cold-reduced and electrolytically plated or coated with zinc (excl. products of silicon-electrical steel),6.520,,6.520,(F),CBAM-DEFAULT-VALUES-2026-08-06,Turkiye sayfasi,dogrulandi
72259200,Turkiye,Iron and steel,Flat-rolled products of alloy steel other than stainless; of a width of >= 600 mm; hot-rolled or cold-rolled cold-reduced and plated or coated with zinc (excl. electrolytically plated or coated and products of silicon-electrical steel),6.520,,6.520,(F),CBAM-DEFAULT-VALUES-2026-08-06,Turkiye sayfasi,dogrulandi
72259900,Turkiye,Iron and steel,Flat-rolled products of alloy steel other than stainless; of a width of >= 600 mm; hot-rolled or cold-rolled cold-reduced and further worked (excl. plated or coated with zinc and products of silicon-electrical steel),6.520,,6.520,(F),CBAM-DEFAULT-VALUES-2026-08-06,Turkiye sayfasi,dogrulandi
7226,Turkiye,Iron and steel,Flat-rolled products of alloy steel other than stainless; of a width of < 600 mm; hot-rolled or cold-rolled cold-reduced,seebelow,seebelow,seebelow,,CBAM-DEFAULT-VALUES-2026-08-06,Turkiye sayfasi,dogrulandi
72261100,Turkiye,Iron and steel,Flat-rolled products of silicon-electrical steel; of a width of < 600 mm; hot-rolled or cold-rolled cold-reduced; grain-oriented,8.500,,8.500,(C),CBAM-DEFAULT-VALUES-2026-08-06,Turkiye sayfasi,dogrulandi
72261910,Turkiye,Iron and steel,Flat-rolled products of silicon-electrical steel; of a width of < 600 mm; not further worked than hot-rolled,6.450,,6.450,(C),CBAM-DEFAULT-VALUES-2026-08-06,Turkiye sayfasi,dogrulandi
72261980,Turkiye,Iron and steel,Flat-rolled products of silicon-electrical steel; of a width of < 600 mm; cold-rolled cold-reduced; whether or not further worked; or hot-rolled and further worked; non-grain-oriented,6.520,,6.520,(C),CBAM-DEFAULT-VALUES-2026-08-06,Turkiye sayfasi,dogrulandi
72262000,Turkiye,Iron and steel,Flat-rolled products of high-speed steel; of a width of <= 600 mm; hot-rolled or cold-rolled cold-reduced,6.450,,6.450,(F),CBAM-DEFAULT-VALUES-2026-08-06,Turkiye sayfasi,dogrulandi
722691,Turkiye,Iron and steel,Flat-rolled products of alloy steel other than stainless; of a width of < 600 mm; not further worked than hot-rolled (excl. products of high-speed steel or silicon-electrical steel),6.450,,6.450,(F),CBAM-DEFAULT-VALUES-2026-08-06,Turkiye sayfasi,dogrulandi
72269200,Turkiye,Iron and steel,Flat-rolled products of alloy steel other than stainless; of a width of < 600 mm; not further worked than cold-rolled cold-reduced (excl. products of high-speed steel or silicon-electrical steel),6.520,,6.520,(F),CBAM-DEFAULT-VALUES-2026-08-06,Turkiye sayfasi,dogrulandi
722699,Turkiye,Iron and steel,Flat-rolled products of alloy steel other than stainless; of a width of < 600 mm; hot-rolled or cold-rolled cold-reduced and further worked (excl. products of high-speed steel or silicon-electrical steel),6.520,,6.520,(F),CBAM-DEFAULT-VALUES-2026-08-06,Turkiye sayfasi,dogrulandi
7227,Turkiye,Iron and steel,Bars and rods of alloy steel other than stainless; hot-rolled; in irregularly wound coils,6.290,,6.290,(C)/(F),CBAM-DEFAULT-VALUES-2026-08-06,Turkiye sayfasi,dogrulandi
7228,Turkiye,Iron and steel,Other bars and rods of alloy steel other than stainless; angles; shapes and sections of alloy steel other than stainless; n.e.s.; hollow drill bars and rods; of alloy or non-alloy steel,seebelow,seebelow,seebelow,,CBAM-DEFAULT-VALUES-2026-08-06,Turkiye sayfasi,dogrulandi
72281020,Turkiye,Iron and steel,Bars and rods of high-speed steel; not further worked than hot-rolled; hot-drawn or extruded; and hot-rolled; hot-drawn or extruded; not further worked than clad (excl. semi-finished products; flat-rolled products and hot-rolled bars and rods in irregularly wound coils),6.290,,6.290,(F),CBAM-DEFAULT-VALUES-2026-08-06,Turkiye sayfasi,dogrulandi
72281050,Turkiye,Iron and steel,Bars and rods of high-speed steel; forged (excl. semi-finished products; flat-rolled products and hot-rolled bars and rods in irregularly wound coils),6.950,,6.950,(F),CBAM-DEFAULT-VALUES-2026-08-06,Turkiye sayfasi,dogrulandi
72281090,Turkiye,Iron and steel,Bars and rods of high-speed steel; not further worked than cold-formed or cold-finished; whether or not further worked; or hot-formed and further worked (excl. forged products; semi-finished products; flat-rolled products and hot-rolled bars and rods in irregularly wound coils),6.290,,6.290,(F),CBAM-DEFAULT-VALUES-2026-08-06,Turkiye sayfasi,dogrulandi
722820,Turkiye,Iron and steel,Bars and rods of silico-manganese steel (excl. semi-finished products; flat-rolled products and hot-rolled bars and rods in irregularly wound coils),6.290,,6.290,(F),CBAM-DEFAULT-VALUES-2026-08-06,Turkiye sayfasi,dogrulandi
722830,Turkiye,Iron and steel,Bars and rods of alloy steel other than stainless; not further worked than hot-rolled; hot-drawn or extruded (excl. products of high-speed steel or silico-manganese steel; semi-finished products; flat-rolled products and hot-rolled bars and rods in irregularly wound coils),6.290,,6.290,(C)/(F),CBAM-DEFAULT-VALUES-2026-08-06,Turkiye sayfasi,dogrulandi
722840,Turkiye,Iron and steel,Bars and rods of alloy steel other than stainless; not further worked than forged (excl. products of high-speed steel or silico-manganese steel; semi-finished products; flat-rolled products and hot-rolled bars and rods in irregularly wound coils),6.950,,6.950,(F),CBAM-DEFAULT-VALUES-2026-08-06,Turkiye sayfasi,dogrulandi
722850,Turkiye,Iron and steel,Bars and rods of alloy steel other than stainless; not further worked than cold-formed or cold-finished (excl. products of high-speed steel or silico-manganese steel; semi-finished products; flat-rolled products and hot-rolled bars and rods in irregularly wound coils),6.290,,6.290,(C)/(F),CBAM-DEFAULT-VALUES-2026-08-06,Turkiye sayfasi,dogrulandi
722860,Turkiye,Iron and steel,Bars and rods of alloy steel other than stainless; cold-formed or cold-finished and further worked or hot-formed and further worked; n.e.s. (excl. products of high-speed steel or silico-manganese steel; semi-finished products; flat-rolled products and hot-rolled bars and rods in irregularly wound coils),6.290,,6.290,(F),CBAM-DEFAULT-VALUES-2026-08-06,Turkiye sayfasi,dogrulandi
722870,Turkiye,Iron and steel,Angles; shapes and sections of alloy steel other than stainless; n.e.s.,6.290,,6.290,(F),CBAM-DEFAULT-VALUES-2026-08-06,Turkiye sayfasi,dogrulandi
72288000,Turkiye,Iron and steel,Hollow drill bars and rods; of alloy or non-alloy steel,6.290,,6.290,(F),CBAM-DEFAULT-VALUES-2026-08-06,Turkiye sayfasi,dogrulandi
7229,Turkiye,Iron and steel,Wire of alloy steel other than stainless; in coils (excl. bars and rods),6.290,,6.290,(C)/(F),CBAM-DEFAULT-VALUES-2026-08-06,Turkiye sayfasi,dogrulandi
7301,Turkiye,Iron and steel,Sheet piling of iron or steel; whether or not drilled; punched or made from assembled elements; welded angles; shapes and sections; of iron or steel,2.510,,2.510,(C),CBAM-DEFAULT-VALUES-2026-08-06,Turkiye sayfasi,dogrulandi
7302,Turkiye,Iron and steel,Railway or tramway track construction material of iron or steel; the following : rails; check-rails and rack rails; switch blades; crossing frogs; point rods and other crossing pieces; sleepers cross-ties; fish-plates; chairs; chair wedges; sole plates base plates; rail clips; bedplates; ties and other material specialised for jointing or fixing rails,5.360,,5.360,(C),CBAM-DEFAULT-VALUES-2026-08-06,Turkiye sayfasi,dogrulandi
7303,Turkiye,Iron and steel,Tubes; pipes and hollow profiles; of cast iron,seebelow,seebelow,seebelow,,CBAM-DEFAULT-VALUES-2026-08-06,Turkiye sayfasi,dogrulandi
730300,Turkiye,Iron and steel,Tubes; pipes and hollow profiles; of cast iron,2.480,,2.480,,CBAM-DEFAULT-VALUES-2026-08-06,Turkiye sayfasi,dogrulandi
7304,Turkiye,Iron and steel,Tubes; pipes and hollow profiles; seamless; of iron or steel (excl. products of cast iron),seebelow,seebelow,seebelow,,CBAM-DEFAULT-VALUES-2026-08-06,Turkiye sayfasi,dogrulandi
73041100,Turkiye,Iron and steel,Line pipe of a kind used for oil or gas pipelines; seamless; of stainless steel,5.690,,5.690,,CBAM-DEFAULT-VALUES-2026-08-06,Turkiye sayfasi,dogrulandi
730419,Turkiye,Iron and steel,Line pipe of a kind used for oil or gas pipelines; seamless; of iron or steel (excl. products of stainless steel or of cast iron),2.340,,2.340,(C),CBAM-DEFAULT-VALUES-2026-08-06,Turkiye sayfasi,dogrulandi
73042200,Turkiye,Iron and steel,Drill pipe; seamless; of stainless steel; of a kind used in drilling for oil or gas,5.690,,5.690,,CBAM-DEFAULT-VALUES-2026-08-06,Turkiye sayfasi,dogrulandi
73042300,Turkiye,Iron and steel,Drill pipe; seamless; of a kind used in drilling for oil or gas; of iron or steel (excl. products of stainless steel or of cast iron),2.340,,2.340,(C),CBAM-DEFAULT-VALUES-2026-08-06,Turkiye sayfasi,dogrulandi
73042400,Turkiye,Iron and steel,Casing and tubing; seamless; of a kind used for drilling for oil or gas; of stainless steel,5.690,,5.690,,CBAM-DEFAULT-VALUES-2026-08-06,Turkiye sayfasi,dogrulandi
730429,Turkiye,Iron and steel,Casing and tubing; seamless; of iron or steel; of a kind used in drilling for oil or gas (excl. products of cast iron),2.340,,2.340,(C),CBAM-DEFAULT-VALUES-2026-08-06,Turkiye sayfasi,dogrulandi
730431,Turkiye,Iron and steel,Tubes; pipes and hollow profiles; seamless; of circular cross-section; of iron or non-alloy steel; cold-drawn or cold-rolled cold-reduced (excl. cast iron products and line pipe of a kind used for oil or gas pipelines or casing and tubing of a kind used for drilling for oil or gas),2.340,,2.340,(C),CBAM-DEFAULT-VALUES-2026-08-06,Turkiye sayfasi,dogrulandi
730439,Turkiye,Iron and steel,Tubes; pipes and hollow profiles; seamless; of circular cross-section; of iron or non-alloy steel; not cold-drawn or cold-rolled cold-reduced (excl. cast iron products; line pipe of a kind used for oil or gas pipelines; casing and tubing of a kind used for drilling for oil or gas),2.340,,2.340,(C),CBAM-DEFAULT-VALUES-2026-08-06,Turkiye sayfasi,dogrulandi
73044100,Turkiye,Iron and steel,Tubes; pipes and hollow profiles; seamless; of circular cross-section; of stainless steel; cold-drawn or cold-rolled cold-reduced (excl. line pipe of a kind used for oil or gas pipelines; casing and tubing of a kind used for drilling for oil or gas),5.690,,5.690,,CBAM-DEFAULT-VALUES-2026-08-06,Turkiye sayfasi,dogrulandi
730449,Turkiye,Iron and steel,Tubes; pipes and hollow profiles; seamless; of circular cross-section; of stainless steel; not cold-drawn or cold-rolled cold-reduced (excl. line pipe of a kind used for oil or gas pipelines or of a kind used for drilling for oil or gas),5.690,,5.690,,CBAM-DEFAULT-VALUES-2026-08-06,Turkiye sayfasi,dogrulandi
730451,Turkiye,Iron and steel,Tubes; pipes and hollow profiles; seamless; of circular cross-section; of alloy steel other than stainless; cold-drawn or cold-rolled cold-reduced (excl. line pipe of a kind used for oil or gas pipelines; casing and tubing of a kind used for drilling for oil),2.360,,2.360,(F),CBAM-DEFAULT-VALUES-2026-08-06,Turkiye sayfasi,dogrulandi
730459,Turkiye,Iron and steel,Tubes; pipes and hollow profiles; seamless; of circular cross-section; of alloy steel other than stainless; not cold-drawn or cold-rolled cold-reduced (excl. line pipe of a kind used for oil or gas pipelines; casing and tubing of a kind used for drilling for oil),2.360,,2.360,(C)/(F),CBAM-DEFAULT-VALUES-2026-08-06,Turkiye sayfasi,dogrulandi
73049000,Turkiye,Iron and steel,Tubes; pipes and hollow profiles; seamless; of non-circular cross-section; of iron or steel (excl. products of cast iron),2.340,,2.340,(C),CBAM-DEFAULT-VALUES-2026-08-06,Turkiye sayfasi,dogrulandi
7305,Turkiye,Iron and steel,Tubes and pipes; having circular cross-sections and an external diameter of > 406;4 mm; of flat-rolled products of iron or steel e.g.; welded; riveted or similarly closed,2.182,,2.182,(C),CBAM-DEFAULT-VALUES-2026-08-06,Turkiye sayfasi,dogrulandi
7306,Turkiye,Iron and steel,Tubes; pipes and hollow profiles e.g.; open seam or welded; riveted or similarly closed; of iron or steel (excl. of cast iron; seamless tubes and pipes and tubes having internal and external circular cross-sections and an external diameter of > 406;4 mm),seebelow,seebelow,seebelow,,CBAM-DEFAULT-VALUES-2026-08-06,Turkiye sayfasi,dogrulandi
73061100,Turkiye,Iron and steel,Line pipe of a kind used for oil or gas pipelines; welded; of flat-rolled products of stainless steel; of an external diameter of <= 406;4 mm,5.920,,5.920,,CBAM-DEFAULT-VALUES-2026-08-06,Turkiye sayfasi,dogrulandi
73061900,Turkiye,Iron and steel,Line pipe of a kind used for oil or gas pipelines; welded; of flat-rolled products of iron or steel; of an external diameter of <= 406;4 mm (excl. products of stainless steel or of cast iron),2.244,,2.244,(C),CBAM-DEFAULT-VALUES-2026-08-06,Turkiye sayfasi,dogrulandi
73062100,Turkiye,Iron and steel,Casing and tubing of a kind used in drilling for oil or gas; welded; of flat-rolled products of stainless steel; of an external diameter of <= 406;4 mm,5.920,,5.920,,CBAM-DEFAULT-VALUES-2026-08-06,Turkiye sayfasi,dogrulandi
73062900,Turkiye,Iron and steel,Casing and tubing of a kind used in drilling for oil or gas; welded; of flat-rolled products of iron or steel; of an external diameter of <= 406;4 mm (excl. products of stainless steel or of cast iron),2.244,,2.244,(C),CBAM-DEFAULT-VALUES-2026-08-06,Turkiye sayfasi,dogrulandi
73063012,Turkiye,Iron and steel,Precision tubes; welded; of circular cross-section; of iron or non-alloy steel; cold-drawn or cold-rolled cold-reduced,2.244,,2.244,(C),CBAM-DEFAULT-VALUES-2026-08-06,Turkiye sayfasi,dogrulandi
73063018,Turkiye,Iron and steel,Precision tubes; welded; of circular cross-section; of iron or non-alloy steel (excl. cold-drawn or cold-rolled),2.244,,2.244,(C),CBAM-DEFAULT-VALUES-2026-08-06,Turkiye sayfasi,dogrulandi
73063041,Turkiye,Iron and steel,Threaded or threadable tubes gas pipe; welded; of circular cross-section; of iron or non-alloy steel; plated or coated with zinc,2.244,,2.244,(C),CBAM-DEFAULT-VALUES-2026-08-06,Turkiye sayfasi,dogrulandi
73063049,Turkiye,Iron and steel,Threaded or threadable tubes gas pipe; welded; of circular cross-section; of iron or non-alloy steel (excl. products plated or coated with zinc),2.244,,2.244,(C),CBAM-DEFAULT-VALUES-2026-08-06,Turkiye sayfasi,dogrulandi
73063072,Turkiye,Iron and steel,Other tubes; pipes and hollow profiles; welded; of circular cross-section; of iron or non-alloy steel; of an external diameter of <= 168;3 mm; plated or coated with zinc (excl. line pipe of a kind used for oil or gas pipelines or casing and tubingof a kind used in drilling for oil or gas),2.244,,2.244,(C),CBAM-DEFAULT-VALUES-2026-08-06,Turkiye sayfasi,dogrulandi
73063077,Turkiye,Iron and steel,Other tubes; pipes and hollow profiles; welded; of circular cross-section; of iron or non-alloy steel of an external diameter of <= 168;3 mm (excl. plated or coated with zinc and line pipe of a kind used for oil or gas pipelines; casing and tubing of a kind used in drilling for oil or gas; precision tubes and threaded or threadable tubes gas pipe),2.244,,2.244,(C),CBAM-DEFAULT-VALUES-2026-08-06,Turkiye sayfasi,dogrulandi
73063080,Turkiye,Iron and steel,Tubes; pipes and hollow profiles; welded; having a circular cross-section; of iron or steel; of an external diameter of > 168;3 mm but <= 406;4 mm (excl. line pipe of a kind used for oil or gas pipelines or casing and tubing of a kind used in drilling for oil or gas; or precision steel tubes; electrical conduit tubes or threaded or threadable tubes gas pipe),2.244,,2.244,(C),CBAM-DEFAULT-VALUES-2026-08-06,Turkiye sayfasi,dogrulandi
73064020,Turkiye,Iron and steel,Tubes; pipes and hollow profiles; welded; of circular cross-section; of stainless steel; cold-drawn or cold-rolled cold-reduced (excl. products having internal and external circular cross-sections and an external diameter of > 406;4 mm; and line pipe of a kind used for oil or gas pipelines or casing and tubing of a kind used in drilling for oil or gas),5.920,,5.920,,CBAM-DEFAULT-VALUES-2026-08-06,Turkiye sayfasi,dogrulandi
73064080,Turkiye,Iron and steel,Tubes; pipes and hollow profiles; welded; of circular cross-section; of stainless steel (excl. products cold-drawn or cold-rolled cold-reduced; tubes and pipes having internal and external circular cross-sections and an external diameter of > 406;4 mm; and line pipe of a kind used for oil or gas pipelines or casing and tubing of a kind used in drilling for oil or gas),5.850,,5.850,,CBAM-DEFAULT-VALUES-2026-08-06,Turkiye sayfasi,dogrulandi
73065021,Turkiye,Iron and steel,Precision steel tubes; welded; of circular cross-section; of alloy steel other than stainless; cold-drawn or cold-rolled cold-reduced,2.244,,2.244,(F),CBAM-DEFAULT-VALUES-2026-08-06,Turkiye sayfasi,dogrulandi
73065029,Turkiye,Iron and steel,Precision steel tubes; welded; of circular cross-section; of alloy steel other than stainless (excl. cold-drawn or cold-rolled),2.244,,2.244,(F),CBAM-DEFAULT-VALUES-2026-08-06,Turkiye sayfasi,dogrulandi
73065080,Turkiye,Iron and steel,Tubes; pipes and hollow profiles; welded; of circular cross-section; of alloy steel other than stainless (excl. tubes and pipes having internal and external circular cross-sections and an external diameter of > 406;4 mm; and line pipe of a kind used for oil or gas pipelines or casing and tubing of a kind used in drilling for oil or gas; and precision steel tubes),2.244,,2.244,(F),CBAM-DEFAULT-VALUES-2026-08-06,Turkiye sayfasi,dogrulandi
73066110,Turkiye,Iron and steel,Tubes and pipes and hollow profiles; welded; of square or rectangular cross-section; of stainless steel,5.920,,5.920,,CBAM-DEFAULT-VALUES-2026-08-06,Turkiye sayfasi,dogrulandi
73066192,Turkiye,Iron and steel,Tubes and pipes and hollow profiles; welded; of square or rectangular cross-section; of iron or steel other than stainless steel; with a wall thickness of <= 2 mm,2.244,,2.244,(C),CBAM-DEFAULT-VALUES-2026-08-06,Turkiye sayfasi,dogrulandi
73066199,Turkiye,Iron and steel,Tubes and pipes and hollow profiles; welded; of square or rectangular cross-section; of iron or steel other than stainless steel; with a wall thickness of > 2 mm,2.244,,2.244,(C),CBAM-DEFAULT-VALUES-2026-08-06,Turkiye sayfasi,dogrulandi
73066910,Turkiye,Iron and steel,Tubes; pipes and hollow profiles; welded; of non-circular cross-section; of stainless steel (excl. tubes and pipes having internal and external circular cross-sections and an external diameter of > 406;4 mm; line pipe of a kind used for oil or gas pipelines or casing and tubing of a kind used in drilling for oil or gas; and tubes and pipes and hollow profiles of square or rectangular cross-section),5.920,,5.920,,CBAM-DEFAULT-VALUES-2026-08-06,Turkiye sayfasi,dogrulandi
73066990,Turkiye,Iron and steel,Tubes; pipes and hollow profiles; welded; of non-circular cross-section; of iron or steel other than stainless steel (excl. tubes and pipes having internal and external circular cross-sections and an external diameter of > 406;4 mm; line pipe of a kind used for oil or gas pipelines or casing and tubing of a kind used in drilling for oil or gas; and tubes and pipes and hollow profiles of square or rectangular cross-section),2.244,,2.244,(C),CBAM-DEFAULT-VALUES-2026-08-06,Turkiye sayfasi,dogrulandi
73069000,Turkiye,Iron and steel,Tubes; pipes and hollow profiles e.g.; open seam; riveted or similarly closed; of iron or steel (excl. of cast iron; seamless or welded tubes and pipes and tubes and pipes having internal and external circular cross-sections and an external diameter of > 406;4 mm),2.244,,2.244,(C),CBAM-DEFAULT-VALUES-2026-08-06,Turkiye sayfasi,dogrulandi
7307,Turkiye,Iron and steel,Tube or pipe fittings e.g. couplings; elbows; sleeves; of iron or steel,seebelow,seebelow,seebelow,,CBAM-DEFAULT-VALUES-2026-08-06,Turkiye sayfasi,dogrulandi
730711,Turkiye,Iron and steel,Tube or pipe fittings of non-malleable cast iron,3.151,,3.151,,CBAM-DEFAULT-VALUES-2026-08-06,Turkiye sayfasi,dogrulandi
73071910,Turkiye,Iron and steel,Tube or pipe fittings of cast iron (excl. of non-malleable),3.151,,3.151,,CBAM-DEFAULT-VALUES-2026-08-06,Turkiye sayfasi,dogrulandi
73071990,Turkiye,Iron and steel,Cast tube or pipe fittings of steel,3.151,,3.151,(C),CBAM-DEFAULT-VALUES-2026-08-06,Turkiye sayfasi,dogrulandi
73072100,Turkiye,Iron and steel,Flanges of stainless steel (excl. cast products),3.710,,3.710,,CBAM-DEFAULT-VALUES-2026-08-06,Turkiye sayfasi,dogrulandi
730722,Turkiye,Iron and steel,Threaded elbows; bends and sleeves of stainless steel (excl. cast products),3.710,,3.710,,CBAM-DEFAULT-VALUES-2026-08-06,Turkiye sayfasi,dogrulandi
730723,Turkiye,Iron and steel,Butt welding tube or pipe fittings of stainless steel (excl. cast products),3.710,,3.710,,CBAM-DEFAULT-VALUES-2026-08-06,Turkiye sayfasi,dogrulandi
730729,Turkiye,Iron and steel,Tube or pipe fittings of stainless steel (excl. cast products; flanges; threaded elbows; bends and sleeves and butt weldings fittings),3.710,,3.710,,CBAM-DEFAULT-VALUES-2026-08-06,Turkiye sayfasi,dogrulandi
73079100,Turkiye,Iron and steel,Flanges of iron or steel (excl. cast or stainless products),3.151,,3.151,(C),CBAM-DEFAULT-VALUES-2026-08-06,Turkiye sayfasi,dogrulandi
730792,Turkiye,Iron and steel,Threaded elbows; bends and sleeves; of stainless steel (excl. cast or stainless products),3.151,,3.151,(C),CBAM-DEFAULT-VALUES-2026-08-06,Turkiye sayfasi,dogrulandi
730793,Turkiye,Iron and steel,Butt welding fittings of iron or steel (excl. cast iron or stainless steel products; and flanges),3.151,,3.151,(C),CBAM-DEFAULT-VALUES-2026-08-06,Turkiye sayfasi,dogrulandi
730799,Turkiye,Iron and steel,Tube or pipe fittings; of iron or steel (excl. cast iron or stainless steel products; flanges; threaded elbows; bends and sleeves; butt welding fittings),3.151,,3.151,(C),CBAM-DEFAULT-VALUES-2026-08-06,Turkiye sayfasi,dogrulandi
7308,Turkiye,Iron and steel,Structures and parts of structures e.g.; bridges and bridge-sections; lock-gates; towers; lattice masts; roofs; roofing frameworks; doors and windows and their frames and thresholds for doors; shutters; balustrades; pillars and columns; of iron or steel; plates; rods; angles; shapes; sections; tubes and the like; prepared for use in structures; of iron or steel (excl. prefabricated buildings of heading 9406),5.520,,5.520,(C),CBAM-DEFAULT-VALUES-2026-08-06,Turkiye sayfasi,dogrulandi
7309,Turkiye,Iron and steel,Reservoirs; tanks; vats and similar containers; of iron or steel; for any material other than compressed or liquefied gas; of a capacity of > 300 l; not fitted with mechanical or thermal equipment; whether or not lined or heat-insulated (excl. containers specifically constructed or equipped for one or more types of transport),5.600,,5.600,(C),CBAM-DEFAULT-VALUES-2026-08-06,Turkiye sayfasi,dogrulandi
7310,Turkiye,Iron and steel,Tanks; casks; drums; cans; boxes and similar containers; of iron or steel; for any material other than compressed or liquefied gas; of a capacity of <= 300 l; not fitted with mechanical or thermal equipment; whether or not lined or heat-insulated; n.e.s.,3.030,,3.030,(C),CBAM-DEFAULT-VALUES-2026-08-06,Turkiye sayfasi,dogrulandi
7311,Turkiye,Iron and steel,Containers of iron or steel; for compressed or liquefied gas (excl. containers specifically constructed or equipped for one or more types of transport),seebelow,seebelow,seebelow,,CBAM-DEFAULT-VALUES-2026-08-06,Turkiye sayfasi,dogrulandi
731100,Turkiye,Iron and steel,Containers of iron or steel; for compressed or liquefied gas (excl. containers specifically constructed or equipped for one or more types of transport),5.430,,5.430,(C),CBAM-DEFAULT-VALUES-2026-08-06,Turkiye sayfasi,dogrulandi
7318,Turkiye,Iron and steel,Screws; bolts; nuts; coach screws; screw hooks; rivets; cotters; cotter pins; washers; incl. spring washers; and similar articles; of iron or steel (excl. lag screws; stoppers; plugs and the like; threaded),seebelow,seebelow,seebelow,,CBAM-DEFAULT-VALUES-2026-08-06,Turkiye sayfasi,dogrulandi
73181100,Turkiye,Iron and steel,Coach screws of iron or steel,2.832,,2.832,(C),CBAM-DEFAULT-VALUES-2026-08-06,Turkiye sayfasi,dogrulandi
73181210,Turkiye,Iron and steel,Wood screws of stainless steel (excl. coach screws),5.690,,5.690,,CBAM-DEFAULT-VALUES-2026-08-06,Turkiye sayfasi,dogrulandi
73181290,Turkiye,Iron and steel,Wood screws of iron or steel other than stainless (excl. coach screws),2.832,,2.832,(C),CBAM-DEFAULT-VALUES-2026-08-06,Turkiye sayfasi,dogrulandi
73181300,Turkiye,Iron and steel,Screw hooks and screw rings; of iron or steel,2.832,,2.832,(C),CBAM-DEFAULT-VALUES-2026-08-06,Turkiye sayfasi,dogrulandi
73181410,Turkiye,Iron and steel,Self-tapping screws; of stainless steel (excl. wood screws),5.690,,5.690,,CBAM-DEFAULT-VALUES-2026-08-06,Turkiye sayfasi,dogrulandi
73181491,Turkiye,Iron and steel,Spaced-thread screws of iron or steel other than stainless,2.832,,2.832,(C),CBAM-DEFAULT-VALUES-2026-08-06,Turkiye sayfasi,dogrulandi
73181499,Turkiye,Iron and steel,Self-tapping screws of iron or steel other than stainless (excl. spaced-thread screws and wood screws),2.832,,2.832,(C),CBAM-DEFAULT-VALUES-2026-08-06,Turkiye sayfasi,dogrulandi
731815,Turkiye,Iron and steel,Threaded screws and bolts; of iron or steel; whether or not with their nuts and washers (excl. coach screws and other wood screws; screw hooks and screw rings; self-tapping screws; lag screws; stoppers; plugs and the like; threaded),5.430,,5.430,(C),CBAM-DEFAULT-VALUES-2026-08-06,Turkiye sayfasi,dogrulandi
731816,Turkiye,Iron and steel,Nuts of iron or steel,3.790,,3.790,(C),CBAM-DEFAULT-VALUES-2026-08-06,Turkiye sayfasi,dogrulandi
73181900,Turkiye,Iron and steel,Threaded articles; of iron or steel; n.e.s.,2.832,,2.832,(C),CBAM-DEFAULT-VALUES-2026-08-06,Turkiye sayfasi,dogrulandi
73182100,Turkiye,Iron and steel,Spring washers and other lock washers; of iron or steel,2.832,,2.832,(C),CBAM-DEFAULT-VALUES-2026-08-06,Turkiye sayfasi,dogrulandi
73182200,Turkiye,Iron and steel,Washers of iron or steel (excl. spring washers and other lock washers),3.430,,3.430,(C),CBAM-DEFAULT-VALUES-2026-08-06,Turkiye sayfasi,dogrulandi
73182300,Turkiye,Iron and steel,Rivets of iron or steel (excl. tubular and bifurcated rivets for particular uses),2.832,,2.832,(C),CBAM-DEFAULT-VALUES-2026-08-06,Turkiye sayfasi,dogrulandi
73182400,Turkiye,Iron and steel,Cotters and cotter pins; of iron or steel,2.832,,2.832,(C),CBAM-DEFAULT-VALUES-2026-08-06,Turkiye sayfasi,dogrulandi
73182900,Turkiye,Iron and steel,Non-threaded articles; of iron or steel,2.832,,2.832,(C),CBAM-DEFAULT-VALUES-2026-08-06,Turkiye sayfasi,dogrulandi
7326,Turkiye,Iron and steel,Articles of iron or steel; n.e.s. (excl. cast articles),seebelow,seebelow,seebelow,,CBAM-DEFAULT-VALUES-2026-08-06,Turkiye sayfasi,dogrulandi
73261100,Turkiye,Iron and steel,Grinding balls and similar articles for mills; of iron or steel; forged or stamped; but not further worked,3.000,,3.000,(C),CBAM-DEFAULT-VALUES-2026-08-06,Turkiye sayfasi,dogrulandi
732619,Turkiye,Iron and steel,Articles of iron or steel; forged or stamped; but not further worked; n.e.s. (excl. grinding balls and similar articles for mills),3.000,,3.000,(C),CBAM-DEFAULT-VALUES-2026-08-06,Turkiye sayfasi,dogrulandi
73262000,Turkiye,Iron and steel,Articles of iron or steel wire; n.e.s.,2.583,,2.583,(C),CBAM-DEFAULT-VALUES-2026-08-06,Turkiye sayfasi,dogrulandi
73269030,Turkiye,Iron and steel,Ladders and steps; of iron or steel,2.583,,2.583,(C),CBAM-DEFAULT-VALUES-2026-08-06,Turkiye sayfasi,dogrulandi
73269040,Turkiye,Iron and steel,Pallets and similar platforms for handling goods; of iron or steel,2.583,,2.583,(C),CBAM-DEFAULT-VALUES-2026-08-06,Turkiye sayfasi,dogrulandi
73269050,Turkiye,Iron and steel,Reels for cables; piping and the like; of iron or steel,2.583,,2.583,(C),CBAM-DEFAULT-VALUES-2026-08-06,Turkiye sayfasi,dogrulandi
73269060,Turkiye,Iron and steel,Ventilators; non-mechanical; guttering; hooks and like articles used in the building industry; n.e.s.; of iron or steel,2.583,,2.583,(C),CBAM-DEFAULT-VALUES-2026-08-06,Turkiye sayfasi,dogrulandi
73269092,Turkiye,Iron and steel,Articles of iron or steel; open-die forged; n.e.s.,3.000,,3.000,(C),CBAM-DEFAULT-VALUES-2026-08-06,Turkiye sayfasi,dogrulandi
73269094,Turkiye,Iron and steel,Articles of iron or steel; closed-die forged; n.e.s.,3.000,,3.000,(C),CBAM-DEFAULT-VALUES-2026-08-06,Turkiye sayfasi,dogrulandi
73269096,Turkiye,Iron and steel,Sintered articles of iron or steel; n.e.s.,3.000,,3.000,(C),CBAM-DEFAULT-VALUES-2026-08-06,Turkiye sayfasi,dogrulandi
73269098,Turkiye,Iron and steel,Articles of iron or steel; n.e.s.,2.583,,2.583,(C),CBAM-DEFAULT-VALUES-2026-08-06,Turkiye sayfasi,dogrulandi
